id,記号,名前,量,今の分野,主な分野（案）,変更,登場する分野（案）,初めて出会う科目（仮）,メモ
m,m,メートル,長さ,基本単位,基本単位,,すべて,中学,
kg,kg,キログラム,質量,基本単位,基本単位,,すべて,中学,
s,s,秒,時間,基本単位,基本単位,,すべて,中学,
A,A,アンペア,電流,基本単位,基本単位,,電磁気・化学,中学,
K,K,ケルビン,絶対温度,基本単位,基本単位,,熱・化学・地学・天文,物理基礎,
mol,mol,モル,物質量,基本単位,基本単位,,化学・熱・生物,化学基礎,
cd,cd,カンデラ,光度,基本単位,基本単位,,波・光,発展,高校ではほぼ扱わない
nm,nm,ナノメートル,長さ (分子・波長),波・光,基本単位,○,波・光・化学・生物,物理,今は「波・光」→ m のなかまへ。光の波長、分子やウイルスの大きさ
um,μm,マイクロメートル,長さ (細胞サイズ),生物,基本単位,○,生物・化学・地学・天文,生物基礎,今は「生物」→ m のなかまへ。細胞の大きさ
mm,mm,ミリメートル,長さ (降水量など),地学・天文,基本単位,○,すべて,中学,今は「地学」→ m のなかまへ
cm,cm,センチメートル,長さ,力学,基本単位,○,すべて,中学,今は「力学」→ m のなかまへ
g,g,グラム,質量,化学,基本単位,○,すべて,中学,今は「化学」→ kg のなかまへ
L,L,リットル,体積 (溶液・気体),化学,基本単位,○,化学・生物・熱,中学,今は「化学」→ m³ のなかまへ
mL,mL,ミリリットル,体積,化学,基本単位,○,化学・生物,中学,今は「化学」→ m³ のなかまへ
km,km,キロメートル,長さ (地球・地理),地学・天文,基本単位,○,力学・地学・天文,中学,今は「地学」→ m のなかまへ
min,min,分,時間,力学,基本単位,○,すべて,中学,今は「力学」→ s のなかまへ
h,h,時,時間,力学,基本単位,○,すべて,中学,今は「力学」→ s のなかまへ
day,d,日,時間 (自転周期),地学・天文,基本単位,○,地学・天文・生物,中学,今は「地学」→ s のなかまへ
yr,年,年,時間 (公転・地質年代),地学・天文,基本単位,○,地学・天文・原子・生物,中学,今は「地学」→ s のなかまへ。半減期（原子）でも
m2,m²,平方メートル,面積,力学,力学,,力学・化学・生物・地学・天文,中学,
m3,m³,立方メートル,体積,力学,力学,,力学・熱・化学・地学・天文,中学,
m_s,m/s,メートル毎秒,速さ・速度,力学,力学,,力学・波・光・地学・天文,中学,
m_s2,m/s²,メートル毎秒毎秒,加速度,力学,力学,,力学・地学・天文,物理基礎,
kg_m3,kg/m³,キログラム毎立方メートル,密度,力学,力学,,力学・化学・地学・天文,物理基礎,中学では g/cm³ を使う
N,N,ニュートン,力,力学,力学,,力学・電磁気・化学,物理基礎,中学でも出る
Nm,N·m,ニュートンメートル,力のモーメント (トルク),力学,力学,,力学,物理,
J,J,ジュール,エネルギー・仕事・熱量,力学,力学,,すべて,物理基礎,エネルギーは全分野。主な分野を「熱」にする案もある
W,W,ワット,仕事率・電力,力学,力学,,力学・電磁気・地学・天文,物理基礎,
Pa,Pa,パスカル,圧力,力学,力学,,力学・熱・化学・生物・地学・天文,物理基礎,気体の圧力（化学）、気圧（地学）、血圧（生物）
kgm_s,kg·m/s,キログラムメートル毎秒,運動量,力学,力学,,力学,物理,
Ns,N·s,ニュートン秒,力積,力学,力学,,力学,物理,
N_m,N/m,ニュートン毎メートル,ばね定数,力学,力学,,力学,物理基礎,
rad,rad,ラジアン,平面角,力学,力学,,力学・波・光,物理,
rad_s,rad/s,ラジアン毎秒,角速度,力学,力学,,力学・電磁気,物理,交流の角周波数でも使う
km_h,km/h,キロメートル毎時,速さ (日常・台風),地学・天文,力学,○,力学・地学・天文,中学,今は「地学」→ 速さなので「力学」へ。台風の速さ（地学）でも
Hz,Hz,ヘルツ,振動数・周波数,波・光,波・光,,波・光・電磁気,物理基礎,
lm,lm,ルーメン,光束,波・光,波・光,,波・光,発展,cd と lx をつなぐ単位
sr,sr,ステラジアン,立体角,波・光,波・光,,波・光,発展,
J_K,J/K,ジュール毎ケルビン,熱容量,熱,熱,,熱・化学,物理基礎,
J_kgK,J/(kg·K),ジュール毎キログラム毎ケルビン,比熱容量,熱,熱,,熱,物理基礎,
J_gK,J/(g·K),ジュール毎グラム毎ケルビン,比熱 (化学表記),熱,熱,,熱・化学,物理基礎,物理基礎の教科書でも J/(g·K) が多い
J_molK,J/(mol·K),ジュール毎モル毎ケルビン,気体定数・モル比熱,熱,熱,,熱・化学,物理,化学の気体定数でも
degC,°C,セルシウス度,セルシウス温度,熱,熱,,すべて,中学,K とセットで熱に置く
cal,cal,カロリー,熱量,熱,熱,,熱・化学・生物,物理基礎,1 cal ≒ 4.2 J として参考に出る
kWh,kWh,キロワット時,電力量,電磁気,電磁気,,電磁気・力学,物理基礎,中学でも出る
C,C,クーロン,電気量 (電荷),電磁気,電磁気,,電磁気・化学,物理基礎,化学の電気分解でも
V,V,ボルト,電位・電圧・起電力,電磁気,電磁気,,電磁気・化学,物理基礎,化学の電池でも
V_m,V/m,ボルト毎メートル,電場の強さ,電磁気,電磁気,,電磁気,物理,
N_C,N/C,ニュートン毎クーロン,電場の強さ,電磁気,電磁気,,電磁気,物理,
ohm,Ω,オーム,電気抵抗,電磁気,電磁気,,電磁気,物理基礎,中学でも出る
ohmm,Ω·m,オームメートル,抵抗率,電磁気,電磁気,,電磁気,物理基礎,
F,F,ファラド,電気容量 (静電容量),電磁気,電磁気,,電磁気,物理,
T,T,テスラ,磁束密度,電磁気,電磁気,,電磁気,物理,
Wb,Wb,ウェーバ,磁束,電磁気,電磁気,,電磁気,物理,
H,H,ヘンリー,自己・相互インダクタンス,電磁気,電磁気,,電磁気,物理,
A_m,A/m,アンペア毎メートル,磁場の強さ,電磁気,電磁気,,電磁気,物理,
eV,eV,電子ボルト,エネルギー (原子スケール),原子,原子,,原子・化学,物理,
u,u,統一原子質量単位,原子の質量,原子,原子,,原子・化学,化学基礎,原子量の基準
Bq,Bq,ベクレル,放射能 (壊変率),原子,原子,,原子・生物・地学・天文,物理基礎,年代測定（地学）でも
Gy,Gy,グレイ,吸収線量,原子,原子,,原子・生物,物理基礎,
Sv,Sv,シーベルト,等価線量・実効線量,原子,原子,,原子・生物・地学・天文,物理基礎,自然放射線（地学）でも
mol_L,mol/L,モル毎リットル,モル濃度,化学,化学,,化学・生物,化学基礎,
g_mol,g/mol,グラム毎モル,モル質量,化学,化学,,化学,化学基礎,
L_mol,L/mol,リットル毎モル,モル体積,化学,化学,,化学・熱,化学基礎,
mol_kg,mol/kg,モル毎キログラム,質量モル濃度,化学,化学,,化学,化学,
kJ_mol,kJ/mol,キロジュール毎モル,反応エンタルピー・結合エネルギー,化学,化学,,化学・熱・生物,化学,生物の呼吸・ATPのエネルギーでも
C_mol,C/mol,クーロン毎モル,ファラデー定数の単位,化学,化学,,化学・電磁気,化学,
per_mol,/mol,毎モル,アボガドロ定数の単位,化学,化学,,化学・原子・熱,化学基礎,
pct,%,パーセント,割合 (質量%、湿度),化学,化学,,化学・生物・地学・天文,中学,質量パーセント濃度。湿度（地学）でも
ppm,ppm,ピーピーエム,微量比率 (百万分率),生物,化学,○,化学・生物・地学・天文,化学基礎,今は「生物」→ 濃度なので「化学」へ。CO₂濃度（地学）でも
atm,atm,気圧 (標準大気圧),圧力,化学,化学,,化学・熱・力学,化学,
g_cm3,g/cm³,グラム毎立方センチメートル,密度 (日常・化学),化学,化学,,化学・地学・天文・力学,中学,岩石・地球の密度（地学）でも
kcal,kcal,キロカロリー,熱量 (食品・栄養),生物,生物,,生物・熱・化学,生物基礎,【要確認】食品・栄養の単位。家庭科・保健でも。主な分野を「熱」にする案もある
mg_dL,mg/dL,ミリグラム毎デシリットル,血糖値・生体濃度,生物,生物,,生物,生物基礎,血糖値
lx,lx,ルクス,照度,生物,生物,,生物・波・光,生物,光合成の光の強さ。物理ではあまり扱わない
mmHg,mmHg,水銀柱ミリメートル,圧力 (血圧・蒸気圧),生物,生物,,生物・化学・力学,生物基礎,【要確認】血圧。トリチェリの実験（76 cmHg）でも。主な分野を「力学」にする案もある
Gal,Gal,ガル,地震動加速度,地学・天文,地学・天文,,地学・天文,地学,高校では扱いが少ない
hPa,hPa,ヘクトパスカル,気象圧力,地学・天文,地学・天文,,地学・天文・化学・力学,中学,天気の気圧
au,au,天文単位,長さ (太陽系スケール),地学・天文,地学・天文,,地学・天文,地学基礎,
ly,光年,光年,長さ (恒星・銀河),地学・天文,地学・天文,,地学・天文,地学基礎,
pc,pc,パーセク,長さ (恒星・銀河),地学・天文,地学・天文,,地学・天文,地学,
W_m2,W/m²,ワット毎平方メートル,エネルギー流束 (太陽定数・音の強さ),地学・天文,地学・天文,,地学・天文・波・光,地学基礎,太陽定数。音の強さ（物理）でも
permil,‰,パーミル,割合 (海水の塩分など),地学・天文,地学・天文,,地学・天文・化学,地学基礎,海水の塩分
pH,pH,ピーエイチ (水素イオン指数),水素イオン濃度の対数指標,目盛り,目盛り,,化学・生物・地学・天文,化学基礎,酵素の最適pH（生物）、酸性雨（地学）でも
M,M,マグニチュード,地震の規模,目盛り,目盛り,,地学・天文,地学基礎,
shindo,震度,震度 (気象庁震度階級),ある地点での揺れの強さ,目盛り,目盛り,,地学・天文,中学,
mag,等級,等級 (視等級・絶対等級),恒星の見かけ・絶対の明るさ,目盛り,目盛り,,地学・天文,地学基礎,
